artikelnummer,merk,product,vitortho_feed,b2b,b2b_ziet
1086,VitOrtho,L-Tryptofaan 500 mg,niet op voorraad,ruim op voorraad,Uit voorraad leverbaar
5041,NOW,E-400 D-alfa tocoferyl,niet op voorraad,ruim op voorraad,Uit voorraad leverbaar
69121,NOW,Zink Picolinaat 50 mg,ruim op voorraad,niet op voorraad,Niet in voorraad
7229,NOW,ADAM Multivitamine voor mannen,niet op voorraad,ruim op voorraad,Uit voorraad leverbaar
7520,VitOrtho,Curcuma C3 Complex Liposomaal,niet op voorraad,ruim op voorraad,Uit voorraad leverbaar
8090,NOW,Lijnzaadolie 1000 mg,ruim op voorraad,niet op voorraad,Niet in voorraad
8309,VitOrtho,Saccharomyces Boulardii 500 mg,ruim op voorraad,niet op voorraad,Niet in voorraad
8310,NOW,Biotica 25 miljard,ruim op voorraad,niet op voorraad,Niet in voorraad
8325,NOW,Biotica 8 miljard Acidophilus en Bifidus,beperkt op voorraad,niet op voorraad,Niet in voorraad
83301,NOW,Psylliumvezels 500 mg,ruim op voorraad,niet op voorraad,niet bestelbaar
8409,NOW,Enzymen Complex Capsules,niet op voorraad,ruim op voorraad,Uit voorraad leverbaar
8411,NOW,Enzymen Complex,ruim op voorraad,niet op voorraad,niet bestelbaar
8608,VitOrtho,Lactoferrine 200 mg,ruim op voorraad,niet op voorraad,uit assortiment
8970,NOW,NADH 10 mg,niet op voorraad,ruim op voorraad,Uit voorraad leverbaar
9080,NOW,Knoflook Extract,niet op voorraad,ruim op voorraad,Uit voorraad leverbaar
9090,NOW,Duivelsklauw Extract,niet op voorraad,ruim op voorraad,Uit voorraad leverbaar
9175,VitOrtho,Mucuna Pruriens Extract 400 mg,ruim op voorraad,niet op voorraad,niet gevonden in de B2B
9181,NOW,Meidoorn 540 mg,niet op voorraad,ruim op voorraad,Uit voorraad leverbaar
9205,VitOrtho,Pau d'Arco 4:1 Extract 500 mg,ruim op voorraad,niet op voorraad,niet gevonden in de B2B
92281,NOW,Mariadistel Extract 150 mg en Curcuma 350 mg,niet op voorraad,ruim op voorraad,Uit voorraad leverbaar
9901,VitOrtho,Testset compleet + lijst producten,niet op voorraad,beperkt op voorraad,Beperkt in voorraad
